2010,4911,0.028315248,0.144568038,3263.645,350.053,1138.439,419.518,110.188
2011,4911,0.025892192,0.138886536,3241.379,339.473,1173.562,405.674,33.583
2012,4911,0.028516665,0.154663117,3301.804,381.542,1256.091,368.73,26.202
2013,4911,0.030060215,0.162979951,3454.628,406.074,1262.031,393.497,9.526
2014,4911,0.02777756,0.158217169,3491.632,397.595,1228.6,395.179,7.604
2015,4911,0.029095654,0.172035451,3495.443,437.257,1349.024,367.806,39.488
2016,4911,0.027619783,0.170273071,3498.682,442.034,1341.813,355.403,8.881
2017,4911,0.02870049,0.186803987,3565.296,488.456,1468.545,415.068,13.892
2018,4911,0.028931225,0.193999844,3691.247,511.047,1356.041,400.988,5.766
2019,4911,0.029131057,0.202409345,3471.209,538.32,1262.889,386.42,10.283
2020,4911,0.027499871,0.205625659,3586.982,550.559,1402.53,425.991,59.968
2010,3845,0.07780013,0.529025628,35166.721,4626.172,23783.834,7184.034,7323.94
2011,3845,0.078445467,0.48165269,38851.259,4728.449,26673.573,7683.92,8097.359
2012,3845,0.088687811,0.507286028,39873.91,5962.92,27864.399,7612.86,15173.984
2013,3845,0.059972528,0.213811421,21848,2576,12781,3986,8098
2014,3845,0.05533616,0.184446418,20247,2284,12088,3586,4460
2015,3845,0.107232041,0.347337836,20405,4423,12683,3418,6125
2016,3845,0.026582615,0.107469103,20853,1400,12743,3248,18775
2017,3845,0.006255738,0.020555029,27390,477,17277,5249,9610
2018,3845,0.035252259,0.100714529,30578,2368,19201,5182,4086
2019,3845,0.05431084,0.154571752,31904,3687,19955,5425,4140
2020,3845,0.061958979,0.186166908,34608,4495,21112,6414,7148
2010,3674,0.094883159,67.28571429,6494,471,3148,968,1789
2011,3674,0.099111829,70.14285714,6568,491,3186,919,1765
2012,3674,-0.29575,-169,5422,-1183,2395,630,1002
2013,3674,-0.019137653,-11.85714286,5299,-83,2117,832,1097
2014,3674,-0.106981683,-50.375,5506,-403,1954,818,1040
2015,3674,-0.212286909,-82.5,3991,-660,1207,533,785
2016,3674,-0.149653719,-55.22222222,4272,-497,1409,311,1264
2017,3674,0.012146893,4.777777778,5329,43,1900,400,1187
2018,3674,0.073968393,33.7,6475,337,2586,1269,1161
2019,3674,0.056569343,28.41666667,6731,341,3010,1879,1507
2020,3674,0.277839768,207.5,9763,2490,4564,2076,2290
2010,2810,0.076196329,4.126303128,9026,1029.1,3378,1641.7,374.3
2011,2810,0.085664103,4.908580593,10082,1224.2,3635.1,1725.4,422.5
2012,2810,0.068900589,4.680433039,9611.7,1167.3,3397.1,1733,454.4
2013,2810,0.055697167,3.986367281,10180.4,994.2,3615.3,1785.6,450.4
2014,2810,0.055778976,3.976343224,10439,991.7,3761.3,1753.8,336.6
2015,2810,0.073282066,5.123897354,9894.9,1277.9,3887.2,1659.6,206.4
2016,2810,0.034953725,2.530473136,9524.4,631.1,4047.6,1725.6,1501.3
2017,2810,0.162471842,12.03047314,8187.6,3000.4,3300,1455.3,3677.6
2018,2810,0.078098684,6.005613472,8930.2,1497.8,3687.3,1438.3,2976
2019,2810,0.092911291,7.056936648,8918.9,1760,4026.2,1415.4,2414.7
2020,2810,0.074962751,7.564955894,8856.3,1886.7,4183.2,1417.4,6357.9
2021,2810,0.078151993,8.41659984,10323,2099.1,4458.2,1655.1,5800.8
2010,4512,0.050053821,6.786486486,3832.3,251.1,1069.8,120.1,1208.2
2011,4512,0.047064485,6.451187335,4317.8,244.5,1145.3,136.4,1140.9
2012,4512,0.057402361,4.514285714,4657,316,1212,130,1252
2013,4512,0.087016101,7.362318841,4964,508,1373,152,1330
2014,4512,0.097880602,605,5368,605,1733,259,1217
2015,4512,0.129802541,848,5598,848,2217,212,1328
2016,4512,0.0817105,814,5931,814,2419,302,1580
2017,4512,0.096275605,1034,7933,1034,2672,341,1621
2018,4512,0.040047654,437,8264,437,2071,366,1236
2019,4512,0.059185715,769,8781,769,2402,323,1521
2020,4512,-0.094261712,-1324,3566,-1324,-776,480,3346
2010,9997,0.053443992,2.110647182,33370,2022,9400,7068,2650
2011,9997,0.051924236,2.157620042,36529,2067,9569,7228,3698
2012,9997,0.069911356,3.054279749,37665,2926,10730,7429,4634
2013,9997,0.086365137,4.096033403,39055,3924,12248,8006,6422
2014,9997,0.093265275,4.424843424,40306,4239,12798,7991,6959
2015,9997,0.096682618,4.977035491,38581,4768,13200,8098,5455
2016,9997,0.088815425,5.019832985,39302,4809,13704,8841,7843
2017,9997,0.027868052,1.727557411,40534,1655,14858,8890,10817
2018,9997,0.117096221,7.061586639,41802,6765,14683,7859,10910
2019,9997,0.104688219,6.412317328,36709,6143,13734,7790,10416
2020,9997,0.073994364,4.988517745,32637,4779,11778,7013,15220
2010,3674,0.087780969,3.046509564,1071.849,137.294,503.406,175.232,459.385
2011,3674,0.119861573,4.862652102,1418.922,226.585,684.654,177.94,410.799
2012,3674,0.094577202,4.203477971,1568.581,202.078,740.869,297.589,307.11
2013,3674,0.119197634,5.917021277,1792,278.1,842.2,292.7,511.1
2014,3674,0.153910821,9.67653277,2291.5,457.7,1121.8,317.6,805.8
2015,3674,0.214631392,16.7710084,3258.4,798.3,1717,538,1043.6
2016,3674,0.258131452,21.54112554,3289,995.2,1881,416.6,1086.1
2017,3674,0.220876334,22.05676856,3651.4,1010.2,2069,454.7,1616.8
2018,3674,0.190188242,20.68468468,3868,918.4,2238.9,655.8,1027.4
2019,3674,0.176378213,20.08470588,3376.8,853.6,2023.8,465.3,1054.6
2020,3674,0.159555094,19.68115942,3355.7,814.8,1983.5,393.6,974.8
2021,3674,0.174409536,36.27845036,5109.1,1498.3,2930.8,756.2,1020.1
2010,1311,0.060035032,6.286982249,33862,2125,8318,4718,1608
2011,1311,0.043514922,5.008823529,38466,1703,9169,5011,351
2012,1311,0.046614949,5.921052632,37691,2025,9856,4338,642
2013,1311,0.118164382,15.54461538,22284,5052,8429,3525,1814
2014,1311,0.060060138,8.101398601,10737,2317,6709,2073,2444
2015,1311,-0.089369791,-10.68531469,6636,-3056,3167,1159,2716
2016,1311,-0.214248279,-19.34384858,4762,-6132,1882,1026,2732
2017,1311,-0.176272066,-12.93333333,5466,-4074,-1568,1024,4847
2018,1311,-0.013157281,-0.969072165,6323,-282,3266,1001,2694
2019,1311,-0.018731062,-1.337704918,6495,-408,3389,1170,1545
2020,1311,-0.164337708,-10.07491857,4667,-3093,304,860,1739
2010,4911,0.024061044,0.372735646,14427,1214,4597,1923,710
2011,4911,0.037263275,0.594379963,15116,1946,4525,1834,515
2012,4911,0.02315743,0.382791122,14945,1259,4784,1871,603
2013,4911,0.026234623,0.448077505,15357,1480,4854,1860,471
2014,4911,0.027400936,0.493208572,17020,1634,5216,1926,549
2015,4911,0.033187372,0.615854392,16453.2,2047.1,5343.2,1640.5,563.2
2016,4911,0.009625368,0.183547156,16380.1,610.9,5437.2,1916.7,542.2
2017,4911,0.029547761,0.57445786,15424.9,1912.6,5428.4,1891,574.3
2018,4911,0.027961071,0.576436747,16195.7,1923.8,5025.3,1926.5,603.2
2019,4911,0.025313503,0.574594724,15561.4,1921.1,5106.8,1705.1,635.3
2020,4911,0.027243391,0.65492811,14918.5,2200.1,5670.5,1842.7,639.1
2010,6141,0,0,30242,0,30242,0,0
2010,6141,0.027590756,17.04621849,30242,4057,7312,98050,22955
2011,6141,0,0,32282,0,32282,0,0
2011,6141,0.032184013,21.27155172,32282,4935,8512,105275,25866
2012,6141,0,0,33808,0,33808,0,0
2012,6141,0.029267337,20.28054299,33808,4482,9385,110223,22568
2013,6141,0,0,34932,0,34932,0,0
2013,6141,0.034940505,25.15962441,34932,5359,9881,113770,19991
2014,6141,0,0,35280,0,35280,0,0
2014,6141,0.036988617,28.70731707,35280,5885,9975,117104,22849
2015,6141,0,0,34441,0,34441,0,0
2015,6141,0.032031715,26.61340206,34441,5163,10011,105494,23102
2016,6141,0,0,33823,0,33823,0,0
2016,6141,0.034035483,29.87845304,33823,5408,9169,115534,25830
2017,6141,0,0,35583,0,35583,0,0
2017,6141,0.015102755,15.90697674,35583,2736,9618,130989,33552
2018,6141,0,0,43281,0,43281,0,0
2018,6141,0.036696323,40.71176471,43281,6921,10260,141623,29707
2019,6141,0,0,47020,0,47020,0,0
2019,6141,0.034081111,41.46625767,47020,6759,10770,146418,30539
2020,6141,0,0,38185,0,38185,0,0
2020,6141,0.016382135,19.47204969,38185,3135,6472,116992,52668
2010,6321,0,0,20758,0,20758,0,0
2010,6321,0.023198963,35.51515152,20732,2344,3794,1399,4714
2011,6321,0,0,22200,0,22200,0,0
2011,6321,0.016771703,29.75757576,22171,1964,3247,1482,5040
2012,6321,0,0,25411,0,25411,0,0
2012,6321,0.021862175,42.7761194,25364,2866,4623,1818,9793
2013,6321,0,0,24017,0,24017,0,0
2013,6321,0.026033123,47.13432836,23939,3158,5165,2575,7923
2014,6321,0,0,22808,0,22808,0,0
2014,6321,0.024639508,44.04477612,22728,2951,4855,2442,5422
2015,6321,0,0,20967,0,20967,0,0
2015,6321,0.021412389,37.80597015,20904,2533,4457,2396,5114
2016,6321,0,0,22666,0,22666,0,0
2016,6321,0.020482364,39.68656716,22374,2659,4335,3641,7348
2017,6321,0,0,21781,0,21781,0,0
2017,6321,0.033552694,68.71641791,21700,4604,4396,5716,4765
2018,6321,0,0,21906,0,21906,0,0
2018,6321,0.020796832,21.62962963,21768,2920,4338,9716,5530
2019,6321,0,0,22484,0,22484,0,0
2019,6321,0.021627566,24.47407407,22369,3304,4775,12389,6401
2020,6321,0,0,22359,0,22359,0,0
2020,6321,0.028942491,35.39259259,22715,4778,5076,13390,7405
2010,6331,0,0,77464,0,77464,0,0
2010,6331,0.011392318,4.436467236,76791,7786,11732,69424,117077
2011,6331,0,0,64520,0,64520,0,0
2011,6331,0.032023866,3.734368443,64353,17798,7491,64518,61624
2012,6331,0,0,66260,0,66260,0,0
2012,6331,0.006266484,0.721359631,65890,3438,17240,62120,69084
2013,6331,0,0,68026,0,68026,0,0
2013,6331,0.01678277,1.906210659,67375,9085,15884,60438,35401
2014,6331,0,0,64116,0,64116,0,0
2014,6331,0.014602943,1.579731431,63004,7529,15350,61692,25001
2015,6331,0,0,58750,0,58750,0,0
2015,6331,0.004419018,0.460763743,57817,2196,9765,64052,21208
2016,6331,0,0,53321,0,53321,0,0
2016,6331,-0.001703916,-0.178136802,53549,-849,6828,68101,22357
2017,6331,0,0,50081,0,50081,0,0
2017,6331,-0.012209488,-1.276542174,49004,-6084,6392,82651,21136
2018,6331,0,0,47909,0,47909,0,0
2018,6331,-1.21955E-05,-0.001258917,47560,-6,7587,94707,22564
2019,6331,0,0,49987,0,49987,0,0
2019,6331,0.006376366,0.702475871,49310,3348,11623,97569,26770
2020,6331,0,0,44379,0,44379,0,0
2020,6331,-0.010135026,-1.247167436,43358,-5944,6985,132707,31987
2010,3823,0.074348866,168.9066032,2470.952,283.932,851.536,399.913,168.853
2011,3823,0.089006804,227.2245863,2989.914,384.464,1071.794,438.245,174.955
2012,3823,0.088463785,178.9988304,3334.213,459.132,1231.875,507.85,157.984
2013,3823,0.087956383,200.3095699,3594.136,516.999,1331.913,536.701,295.203
2014,3823,0.09102373,225.7473928,4021.964,584.46,1499.807,585.462,377.615
2015,3823,0.088657265,226.556365,3974.295,590.859,1541.568,603.295,381.005
2016,3823,0.072128082,195.8539197,3840.087,512.158,1468.539,592.326,717.259
2017,3823,0.087412058,259.0155834,4300.17,681.47,1648.752,668.176,646.3
2018,3823,0.089806873,294.6715909,4845.872,777.933,1859.052,791.105,353.975
2019,3823,0.087489648,323.552592,5158.557,861.297,2021.702,817.799,393.03
2020,3823,0.084232723,326.0235426,4540.029,872.439,1842.517,666.443,1212.822
2010,2836,0.10640206,49645.92275,15053,4627,13556,2335,17422
2011,2836,0.075361666,46268.84422,15582,3683,13943,2896,20641
2012,2836,0.080021364,57473.54497,17265,4345,15150,2518,24061
2013,2836,0.076839319,67298.01325,18676,5081,16616,2719,19401
2014,2836,0.074743874,67868.42105,20063,5158,17936,2568,27026
2015,2836,0.096945904,92520,21662,6939,19595,2995,31382
2016,2836,0.099476979,104351.3514,22991,7722,20935,3165,38085
2017,2836,0.024751732,27486.11111,22849,1979,20881,3237,41678
2018,2836,0.126385208,133238.0952,23747,8394,21593,3580,29304
2019,2836,0.131341384,132915.2542,23362,7842,21041,4652,8911
2020,2836,0.115396835,125241.3793,25424,7264,22705,5324,10647
2010,3674,0.16449799,14.30548245,2761.503,712.084,1920.333,387.169,2687.768
2011,3674,0.164352783,17.46630152,2993.32,867.394,2104.76,348.416,3592.462
2012,3674,0.115871137,12.96430633,2701.142,651.236,1850.834,339.881,3900.378
2013,3674,0.105533278,12.99114617,2633.689,673.487,1802.827,325.144,4682.912
2014,3674,0.091741755,12.1328732,2864.773,629.32,1946.138,396.605,2866.468
2015,3674,0.09867749,13.39866567,3435.092,696.878,2393.184,466.527,3028.928
2016,3674,0.108109654,16.77596714,3421.409,861.664,2366.84,477.609,4055.793
2017,3674,0.034399928,11.83670513,5107.503,727.259,3707.022,688.953,1047.838
2018,3674,0.073127049,24.23950465,6200.942,1495.432,4603.463,639.717,816.591
2019,3674,0.063714013,22.20430072,5991.065,1363.011,4395.96,635.136,648.322
2020,3674,0.056862619,19.82334124,5603.056,1220.761,4071.946,737.536,1055.86
2021,3674,0.026574292,15.88073646,7318.286,1390.422,5062.835,1459.056,1977.964
2010,1311,0.069821531,12.63333333,12183,3032,9283,2134,134
2011,1311,0.088067472,19.02074689,16810,4584,12901,3079,295
2012,1311,0.032945322,8.167346939,16947,2001,10888,3086,160
2013,1311,0.036212016,8.752941176,16402,2232,11041,2952,1906
2014,1311,-0.096564913,-21.10546875,13749,-5403,5318,2024,769
2015,1311,-1.226992888,-89.95719844,6383,-23119,-21536,1253,1467
2016,1311,-0.062391758,-5.445736434,5367,-1405,3065,1128,1377
2017,1311,0.059483624,5.034749035,5752,1304,4022,1345,1668
2018,1311,0.001853396,0.153846154,7331,40,4941,1194,714
2019,1311,-0.196222455,-13.61302682,6280,-3553,1520,1062,247
2020,1311,-0.381296093,-18.54961832,4212,-4860,-2070,908,262
2010,3663,0.18638522,1.313554556,65225,14013,26616,9924,25620
2011,3663,0.222753091,1.944490286,108249,25922,45640,11717,25952
2012,3663,0.237033124,2.54128608,156508,41733,71867,18692,29129
2013,3663,0.178922705,1.873962761,170910,37037,71061,20641,40546
2014,3663,0.17041999,669661.0169,182795,39510,78483,27219,25077
2015,3663,0.183813632,953464.2857,233715,53394,104126,30343,41601
2016,3663,0.142023588,862018.8679,215091,45687,93515,29299,67155
2017,3663,0.128826412,948058.8235,229234,48351,97586,35673,74181
2018,3663,0.162775309,1240229.167,265359,59531,112506,48995,66301
2019,3663,0.163230098,1255818.182,260174,55256,110939,45804,100580
2020,3663,0.177255718,337711.7647,274515,57411,116012,37445,90979
2021,3663,0.269742053,591750,365817,94680,164120,51506,62639
2010,3559,0.085701949,70.62243976,9548.667,937.866,4019.517,1831.863,2584.582
2011,3559,0.138951014,148.1538462,10517,1926,4590,1532,6243
2012,3559,0.009006776,9.083333333,8719,109,3785,1307,1937
2013,3559,0.021257162,21.33333333,7509,256,3375,1640,1891
2014,3559,0.0813724,89.33333333,9072,1072,4194,1670,3162
2015,3559,0.089952966,125.1818182,9659,1377,4333,1739,4965
2016,3559,0.117973677,156.4545455,10825,1721,4876,2279,3749
2017,3559,0.176837118,312.1818182,14537,3434,6919,2338,7276
2018,3559,0.186406347,331.3,17253,3313,8255,2565,4030
2019,3559,0.142241379,300.6666667,14608,2706,6749,2641,3618
2020,3559,0.161902206,402.1111111,17202,3619,8072,3111,5738
2021,3559,0.227996128,654.2222222,23063,5888,11300,5154,5459
2010,2070,0.06117662,0.322257472,61682,1930,4700,6122,3777
2011,2070,0.04825445,0.263185109,80676,2036,5127,9816,4750
2012,2070,0.029432291,0.158789925,89038,1223,4461,3439,4730
2013,2070,0.030672884,0.173474664,89804,1342,4738,5098,7515
2014,2070,0.051059577,0.287651951,81201,2248,5645,4638,6491
2015,2070,0.046044276,0.23464467,67702,1849,4894,4660,6562
2016,2070,0.032160728,0.163408713,62346,1279,4584,4405,5926
2017,2070,0.039911919,0.201949861,60828,1595,4430,3762,5630
2018,2070,0.044326892,0.230279898,64341,1810,5122,3844,6509
2019,2070,0.031343046,0.171198014,64656,1379,5139,4665,5310
2020,2070,0.035640298,0.220837488,64355,1772,5338,4883,6556
2009,7370,0.023700556,25.3385758,1713.7,58,1633.4,277.4,1000.6
2010,7370,0.076051083,93.39207048,1951.8,212,1860.6,318.4,1274.3
2011,7370,0.088388376,126.2948207,2215.6,285.3,2102,395.1,1411.3
2012,7370,0.057422709,110.6440072,2312.2,247.4,2201.3,495.1,1954.3
2013,7370,0.049793254,100.9263344,2273.9,228.8,2127.5,423.7,2267.1
2014,7370,0.016646994,36.03524229,2512.2,81.8,2275.3,458.9,2026.4
2015,7370,-0.059924211,-147.2816399,2504.1,-330.5,2243.4,653.6,2250.9
2016,7370,-0.121318855,-264.2305946,2031,-582.1,1802.6,452.3,1899.9
2017,7370,-0.137811163,-259.6885021,2056.6,-566.9,1837.2,438.2,1323.2
2018,7370,-0.017085342,-36.82771194,2569.8,-80.8,2358.6,474.3,953.6
2019,7370,0.03471267,97.76663628,3274.3,214.5,3035.7,652.3,1843.7
2020,7370,0.165966098,550.1821494,3790.4,1208.2,3537.8,643.1,1857.2
2010,7374,0.045096828,18.95774648,8927.7,1211.4,4198,1127.7,1671.2
2011,7374,0.036631492,19.62754304,9879.5,1254.2,4466.2,1364.8,1425.7
2012,7374,0.045058493,21.72926448,10665.2,1388.5,4748.5,1399.3,1578.5
2013,7374,0.043566247,22,11310.1,1405.8,4977.5,1598.3,1727.1
2014,7374,0.047295463,23.72300469,12206.5,1515.9,5321.3,1800.4,4015.8
2015,7374,0.043868259,22.73082942,10938.5,1452.5,4788.8,1546.9,1665.9
2016,7374,0.03417678,23.35680751,11667.8,1492.5,5116.1,1742.8,3214.6
2017,7374,0.04662184,27.12676056,12379.8,1733.4,5426.1,1703.6,2783.6
2018,7374,0.043700642,25.36463224,13325.8,1620.8,5860.8,1984.2,2173.3
2019,7374,0.054736832,35.88106416,14175.2,2292.8,6497.6,2439.3,1959.7
2020,7374,0.062976344,38.59937402,14589.8,2466.5,6675.1,2441.3,1908.5
2021,7374,0.053277974,40.66510172,15005.4,2598.5,6875.8,2727.4,2585.6
2010,2670,0.062144566,2.553585818,6512.7,316.9,2031.8,996.1,127.5
2011,2670,0.038228729,1.53182917,6026.3,190.1,1752.3,877.1,178
2012,2670,0.042191448,1.735697019,6035.6,215.4,1788.3,972.8,253.1
2013,2670,0.046805188,1.738920226,6140,215.8,1837.1,1016.5,369
2014,2670,0.057084537,2.005640612,6330.3,248.9,1847.5,958.1,244.1
2015,2670,0.066357017,2.210314263,5966.9,274.3,1829.1,995.6,176.4
2016,2670,0.072946047,2.584206285,6086.5,320.7,1875,1031.3,227
2017,2670,0.054857988,2.270749396,6613.8,281.8,1986.7,1209.2,265.1
2018,2670,0.090275229,3.766317486,7159,467.4,2092.4,1216.7,281.1
2019,2670,0.055312637,2.446414182,7070.1,303.6,2078.7,1212.2,305.2
2020,2670,0.091372311,4.479452055,6971.5,555.9,2126.4,1235.2,297.7
2010,3411,0.067554888,0.523841504,7630,468,1375.9,849.7,152
2011,3411,0.060950498,0.471487735,8630.9,444,1549.7,910.4,165.8
2012,3411,0.053749118,0.393159895,8735.7,403.5,1561.7,930.1,174.1
2013,3411,0.052021791,0.377225519,8468.1,406.8,1592.7,859.4,416
2014,3411,0.062078986,0.415451251,8570,470,1666.5,957.1,191.4
2015,3411,0.028730694,0.292086929,7997,280.9,1536.7,885.4,224
2016,3411,0.016261671,0.253371869,9061,263,1849,1491,597
2017,3411,0.021783447,0.34501845,10983,374,2266,1634,458
2018,3411,0.027425396,0.392394123,11635,454,2306,1802,728
2019,3411,0.032603687,0.480475382,11474,566,2271,1631,1806
2020,3411,0.032051282,0.501285347,11781,585,2458,1738,1381
2010,6020,0,0,13597,0,13597,0,0
2010,6020,0.010183654,209.8333333,14483,2518,13864,37310,77593
2011,6020,0,0,14388,0,14388,0,0
2011,6020,0.007735207,209.6666667,15236,2516,14631,43585,135249
2012,6020,0,0,14397,0,14397,0,0
2012,6020,0.006810775,188.0769231,15089,2445,14635,46363,145340
2013,6020,0,0,14652,0,14652,0,0
2013,6020,0.00563971,162.3846154,15326,2111,15018,51447,155280
2014,6020,0,0,14640,0,14640,0,0
2014,6020,0.006662289,197.4615385,15210,2567,14904,58941,143449
2015,6020,0,0,14726,0,14726,0,0
2015,6020,0.008019706,242.9230769,15494,3158,15034,63546,159259
2016,6020,0,0,14973,0,14973,0,0
2016,6020,0.010636671,272.8461538,15674,3547,15248,64289,103750
2017,6020,0,0,15949,0,15949,0,0
2017,6020,0.011001781,292.1428571,16617,4090,15567,61381,137006
2018,6020,0,0,18481,0,18481,0,0
2018,6020,0.011756179,304.7142857,19213,4266,16403,56418,134795
2019,6020,0,0,19353,0,19353,0,0
2019,6020,0.011640647,317.2142857,20007,4441,15672,54831,144865
2020,6020,0,0,16151,0,16151,0,0
2020,6020,0.007701759,258.3571429,16940,3617,15472,56111,196234
2010,2834,0.081193893,2.079062958,13056,1420,7349,2265,2685
2011,2834,0.116604624,3.256222548,13893,2224,7794,2420,2905
2012,2834,0.114075527,3.40556369,14190,2326,8044,2425,3270
2013,2834,0.077776489,2.945827233,15259,2012,8610,2911,2733
2014,2834,0.096346028,3.655929722,16671,2497,9209,2803,2925
2015,2834,0.046150179,1.41727672,9968,968,4911,1731,7361
2016,2834,0.319374759,7.269399707,10163,4965,5047,1691,2801
2017,2834,0.041902869,1.049780381,10561,717,5316,1793,3394
2018,2834,0.103829678,2.377745242,11127,1624,5606,1812,1832
2019,2834,0.055021162,1.465592972,11362,1001,5705,1896,3335
2020,2834,0.055047705,1.613469985,11673,1102,5553,2077,3736
2010,3841,0.136530078,3.960807065,7372.333,1317.61,4257.132,1205.377,1744.195
2011,3841,0.121854444,3.820676843,7828.904,1270.994,4518.398,1228.637,1563.313
2012,3841,0.102978292,3.516863964,7708.382,1169.927,4381.277,1249.549,2180.731
2013,3841,0.106428513,3.882882883,8054,1293,4589,1240,2608
2014,3841,0.095203664,3.558558559,8446,1185,4800,1187,2745
2015,3841,0.025913497,2.087087087,10282,695,5523,1692,1444
2016,3841,0.038145861,2.930930931,12483,976,7041,1958,1568
2017,3841,0.029151428,3.170028818,12093,1100,6881,1760,14199
2018,3841,0.005769516,0.896253602,15983,311,9612,2319,1253
2019,3841,0.023819183,3.553314121,17290,1233,10418,2346,620
2020,3841,0.016181589,2.394520548,17117,874,9875,2398,2937
2021,3841,0.038837114,5.731506849,20248,2092,11666,2497,2403
2010,4812,0.0115861,8.582491582,106800,2549,64792,11840,7213
2011,4812,0.010431266,8.094276094,110875,2404,65000,11822,13954
2012,4812,0.003885056,2.946127946,115846,875,69930,12598,3563
2013,4812,0.041944852,38.71043771,120550,11497,75663,12444,54129
2014,4812,0.041360847,22.7004717,127079,9625,77148,13997,11153
2015,4812,0.073082897,42.16745283,131620,17879,79063,13460,5070
2016,4812,0.053759522,30.95990566,125980,13127,74556,17513,2880
2017,4812,0.117059379,70.99292453,126034,30101,74649,23493,2079
2018,4812,0.058634062,36.1958042,130863,15528,75658,25859,3792
2019,4812,0.066037768,44.90675991,131868,19265,77142,26277,3815
2020,4812,0.056246663,41.49417249,128292,17801,77091,24650,23366
2010,9997,0,0,135256,0,135256,0,0
2010,9997,0.034836082,1620.875,135028,12967,24731,36143,45458
2011,9997,0,0,143688,0,143688,0,0
2011,9997,0.02611506,1281.75,143570,10254,22543,32946,44362
2012,9997,0,0,162463,0,162463,0,0
2012,9997,0.034679917,1853,162264,14824,29927,34562,52986
2013,9997,0,0,182150,0,182150,0,0
2013,9997,0.040162415,2434.5,182297,19476,38252,33323,56685
2014,9997,0,0,194673,0,194673,0,0
2014,9997,0.037766113,2484,194706,19872,38761,34418,70854
2015,9997,0,0,210821,0,210821,0,0
2015,9997,0.04360832,3010.375,210943,24083,46362,36075,78651
2016,9997,0,0,224527,0,224527,0,0
2016,9997,0.038775622,3009.25,223604,24074,45251,40397,94943
2017,9997,0,0,245075,0,245075,0,0
2017,9997,0.064008432,5617.5,242137,44940,35482,42326,122129
2018,9997,0,0,223215,0,223215,0,0
2018,9997,0.005681031,502.625,225382,4021,19800,51510,118849
2019,9997,0,0,328399,0,328399,0,0
2019,9997,0.09956477,10177.125,327223,81417,115545,53362,135215
2020,9997,0,0,286982,0,286982,0,0
2020,9997,0.04866612,5315.125,286256,42521,80612,55053,149144
2009,5731,0.071959349,31.35714286,49694,1317,13104,2020,2398
2010,5731,0.071544624,32.74358974,50272,1277,13653,2348,1613
2011,5731,-0.076913465,-36.20588235,50705,-1231,13532,2288,1658
2012,5731,-0.026270328,-12.97058824,45085,-441,11646,2704,2189
2013,5731,0.037964747,15.2,42410,532,10142,1308,3209
2014,5731,0.080820661,35.22857143,40339,1233,9703,1280,4072
2015,5731,0.066351061,28.03125,39528,897,9761,1162,3466
2016,5731,0.088625866,39.61290323,39403,1228,9911,1347,4114
2017,5731,0.076634225,35.71428571,42151,1000,10559,1049,3332
2018,5731,0.113479575,54.22222222,42879,1464,10731,1015,2184
2019,5731,0.098839074,59.26923077,43638,1541,10788,1149,2355
2020,5731,0.094299051,69.15384615,47262,1798,11334,1061,5625
2010,3826,0.060562942,61830,1927.118,185.49,1199.688,387.996,1031.609
2011,3826,0.057550642,59407.66667,2073.529,178.223,1298.889,398.674,813.115
2012,3826,0.047654865,54592.66667,2069.235,163.778,1288.662,398.739,921.073
2013,3826,0.022955096,25930,2132.694,77.79,1325.635,422.66,608.92
2014,3826,0.026590125,29615,2175.044,88.845,1338.284,377.64,697.635
2015,3826,0.030470624,37697.66667,2019.441,113.093,1253.518,391.485,790.477
2016,3826,0.007304239,9375,2068.172,28.125,1283.084,372.348,844
2017,3826,0.028609562,40749.66667,2160.153,122.249,1337.781,464.847,760.538
2018,3826,0.065159431,121871.3333,2289.415,365.614,1360.563,392.443,850.467
2019,3826,0.219591205,586225,2311.659,1758.675,1382.516,394.672,1120.298
2020,3826,0.293407776,1268755.667,2513.654,3806.267,1541.807,420.824,1000.672
2010,3721,0.048231605,0.653428176,64306,3307,13936,5707,10517
2011,3721,0.050233791,0.793914246,68735,4018,14318,6269,11272
2012,3721,0.04387149,0.770598696,81698,3900,14603,5972,13558
2013,3721,0.049480375,0.905947441,86623,4585,15379,6890,15258
2014,3721,0.0549003,1.076071923,90762,5446,16054,7919,13092
2015,3721,0.054825862,1.022722782,96114,5176,15671,8925,12052
2016,3721,0.054390702,0.967200158,94571,4895,15478,9260,10029
2017,3721,0.088776494,1.619640387,93392,8197,19184,10825,9992
2018,3721,0.08912823,2.06678522,101127,10460,21534,14364,8564
2019,3721,-0.004759588,-0.125666864,84818,-636,14978,12471,10030
2020,3721,-0.078042015,-2.345979056,58656,-11873,-279,10051,25590
2010,7363,0.051860149,452.5273973,3175.093,66.069,1249.58,423.175,315.137
2011,7363,0.114284103,1055.788732,3776.976,149.922,1540.864,493.327,279.336
2012,7363,0.151991897,1510.374101,4111.213,209.942,1697.386,512.852,287.635
2013,7363,0.16922761,1840.839416,4245.895,252.195,1770.164,551.905,275.764
2014,7363,0.185718527,2266.133333,4695.014,305.928,1972.04,657.676,287.119
2015,7363,0.21010241,2731.267176,5094.933,357.796,2167.744,704.64,224.577
2016,7363,0.193135321,2682.726563,5250.399,343.389,2223.754,703.228,260.201
2017,7363,0.155604368,2343.419355,5266.789,290.584,2227.742,732.405,294.753
2018,7363,0.228200664,3649.478992,5800.271,434.288,2474.258,794.446,276.579
2019,7363,0.196604407,3951.591304,6074.432,454.433,2594.783,832.797,270.478
2020,7363,0.119759571,2710.40708,5109,306.276,2074.892,714.163,981.06
2010,2834,0.099819797,14.1,19484,3102,15064,3257,7301
2011,2834,0.112496209,16.85909091,21244,3709,16522,3487,8733
2012,2834,0.054600663,8.868778281,17621,1960,14147,2764,2829
2013,2834,0.066412728,11.59728507,16385,2563,13113,3098,4525
2014,2834,0.059379537,9.067873303,15879,2004,12927,3212,7435
2015,2834,0.049294444,7.081447964,16560,1565,13418,4117,4270
2016,2834,0.132227727,20.16742081,19427,4457,15128,4916,6350
2017,2834,0.030014009,4.556561086,20776,1007,15731,5609,6812
2018,2834,0.14062768,22.26244344,22561,4920,16758,5782,8884
2019,2834,0.026465247,11.77739726,26145,3439,19475,7685,15393
2020,2834,-0.076088149,-30.87328767,42518,-9015,34839,8501,16539
2009,2085,0.132722436,18.70833333,2469,449,1665,418,232
2010,2085,0.154094828,23.83333333,2589,572,1778,496,567
2011,2085,0.147540984,21.375,2723,513,1841,475,338
2012,2085,0.16298952,17.38235294,2849,591,2006,548,204
2013,2085,0.160614185,19.38235294,2991,659,2128,569,437
2014,2085,0.163129025,20.11764706,3134,684,2234,583,370
2015,2085,0.255080086,31.38235294,3089,1067,2200,559,263
2016,2085,0.144648649,9.838235294,2994,669,2079,557,182
2017,2085,0.14409164,9.958333333,3248,717,2266,639,239
2018,2085,0.162482973,11.59722222,3324,835,2238,609,307
2019,2085,0.143426986,11.48611111,3363,827,2201,570,675
2020,2085,0.138454462,12.54166667,3461,903,2171,753,1150
2010,6324,0,0,21273,0,21273,0,0
2010,6324,0.029442669,15.28409091,21235,1345,2416,13115,2568
2011,6324,0,0,22035,0,22035,0,0
2011,6324,0.025995651,14.42391304,21998,1327,2554,12669,5882
2012,6324,0,0,29159,0,29159,0,0
2012,6324,0.03020434,17.64130435,29119,1623,3559,12643,4273
2013,6324,0,0,32416,0,32416,0,0
2013,6324,0.027164311,16.04347826,32380,1476,3998,13274,4599
2014,6324,0,0,34954,0,34954,0,0
2014,6324,0.037605553,28.40540541,34914,2102,4157,13356,2749
2015,6324,0,0,37919,0,37919,0,0
2015,6324,0.036680213,28.2972973,37876,2094,4330,13790,3752
2016,6324,0,0,39711,0,39711,0,0
2016,6324,0.031452156,25.22972973,39668,1867,4170,12673,5450
2017,6324,0,0,41666,0,41666,0,0
2017,6324,0.036224961,30.22972973,41616,2237,4935,12602,4693
2018,6324,0,0,48501,0,48501,0,0
2018,6324,0.017209873,659.25,48489,2637,17360,10802,5868
2019,6324,0,0,153796,0,153796,0,0
2019,6324,0.032765417,1276,153699,5104,25880,10938,5556
2020,6324,0,0,160398,0,160398,0,0
2020,6324,0.054409428,2114.5,160216,8458,24814,12191,11513
2010,4011,0.055541736,4.224324324,10636,1563,4048,993,1346
2011,4011,0.061819292,1.736892278,11743,1822,4394,1129,1306
2012,4011,0.060809264,1.82254902,11756,1859,4516,962,1371
2013,4011,0.05864955,1.847373637,12026,1864,4577,1052,1079
2014,4011,0.058300306,1.942540323,12669,1927,4803,1129,961
2015,4011,0.056165986,2.037267081,11811,1968,4820,982,1438
2016,4011,0.048398938,1.846982759,11069,1714,4690,938,1020
2017,4011,0.153082067,6.147191011,11408,5471,5015,970,419
2018,4011,0.090092298,4.045232274,12250,3309,6104,1010,1111
2019,4011,0.087069033,4.309184994,11937,3331,6223,986,1954
2020,4011,0.069484583,3.623853211,10583,2765,5645,912,3131
2010,2030,0.134480561,42.2,7676,844,3401,512,254
2011,2030,0.117312737,40.25,7719,805,3368,560,484
2012,2030,0.118529862,38.7,7707,774,3250,553,335
2013,2030,0.055028235,38.16666667,8052,458,3385,635,333
2014,2030,0.100825835,68.16666667,8268,818,3204,670,232
2015,2030,0.085424651,57.58333333,8082,691,3091,647,253
2016,2030,0.071838714,46.91666667,7961,563,3068,626,296
2017,2030,0.114807145,73.91666667,7890,887,3362,605,319
2018,2030,0.017964072,21.75,8685,261,3274,785,226
2019,2030,0.016048068,17.58333333,8107,211,3026,574,31
2020,2030,0.131587456,135.6666667,8691,1628,3284,575,859
2021,2030,0.085392875,83.5,8476,1002,3089,595,69
2009,2082,0.012267892,38.19230769,3364.8,99.3,1326.8,549.1,43.5
2010,2082,0.078059602,215.1923077,3332,559.5,1317.3,611.2,9.2
2011,2082,0.062588785,171.1538462,2654.3,445,1167.5,491.6,85.8
2012,2082,0.050771789,143.6296296,2796.1,387.8,1231.5,471.9,331.5
2013,2082,0.135861167,693.9642857,4867.7,1943.1,2164,743.7,63.9
2014,2082,0.055419459,299.75,6028,839.3,2816.1,690.6,110.1
2015,2082,0.062180961,363.7586207,6548.4,1054.9,3181.7,857,83.1
2016,2082,0.08252161,529.3448276,7331.5,1535.1,3784.4,837.4,177.4
2017,2082,0.112903933,799.6206897,7585,2318.9,4116.9,1107.1,90.3
2018,2082,0.117541009,1561.772727,8116,3435.9,4420.7,1267.9,93.6
2019,2082,-0.000431867,-5.363636364,8343.5,-11.8,4600,1215.2,81.4
2020,2082,0.073713881,908.1818182,8614.9,1998,4872.9,1088.5,460.6
2010,5122,0.032125742,0.222222222,98502.8,642.2,4025.3,5191.5,2755.3
2011,5122,0.041976897,0.330895038,102644.2,959,4473.4,6174.6,2022.5
2012,5122,0.044064303,0.364846416,107552,1069,4783,6388,2346
2013,5122,0.01293621,0.113105317,101093,334,5184,6333,1901
2014,5122,0.044789306,0.391275168,91084,1166,5427,5431,2958
2015,5122,0.040309203,0.404595405,102531,1215,5900,6576,4707
2016,5122,0.041820526,0.474086379,121546,1427,6852,7436,2469
2017,5122,0.032110092,0.477567668,129976,1288,6846,8101,6944
2018,5122,0.00640785,0.093772894,136809,256,7603,7826,1763
2019,5122,0.03327393,0.493304379,145534,1363,7274,8460,2531
2020,5122,-0.090663788,-1.325206167,152922,-3696,7316,8276,2771
2021,5122,0.013744854,0.217747684,162467,611,7131,9110,3407
2010,3531,0.042174321,3.313289974,42588,2700,13809,16899,3667
2011,3531,0.060506348,6.047367775,60138,4928,19307,18149,3127
2012,3531,0.063577152,6.971407535,65875,5681,21628,19520,5652
2013,3531,0.044631078,4.649650264,55656,3789,18010,17852,6322
2014,3531,0.043634345,4.534298687,55184,3695,18577,17511,7476
2015,3531,0.026778093,2.579457602,47011,2102,16359,16302,6636
2016,3531,-0.000896873,-0.082218677,38537,-67,12420,14503,7388
2017,3531,0.009797043,0.925266904,45462,754,16481,16193,8599
2018,3531,0.078296756,7.543256841,54722,6147,19672,17452,8029
2019,3531,0.077664334,7.476991042,53800,6093,19056,17904,8372
2020,3531,0.038276901,3.678979016,41748,2998,14384,16780,9502
2010,4813,0.04300303,3.107759356,7041.534,947.705,4675.866,712.814,172.943
2011,4813,0.010206808,0.925686591,15351,573,9093,1979,128
2012,4813,0.014383562,1.241214058,18376,777,10771,1959,211
2013,4813,-0.004615058,-0.409246575,18095,-239,10603,1977,168
2014,4813,0.015394739,1.356766257,18031,772,10235,1988,128
2015,4813,0.018443828,1.613970588,17900,878,10136,1943,126
2016,4813,0.013314333,1.144424132,17470,626,9703,2068,222
2017,4813,0.018370343,1.299345182,17656,1389,9453,2815,556
2018,4813,-0.024666932,-1.60462963,23443,-1733,12581,2614,492
2019,4813,-0.081384573,-4.833944954,22401,-5269,12324,2336,1693
2020,4813,-0.020742836,-1.123062899,20712,-1232,12153,2035,409
2010,6020,0,0,115475,0,115475,0,0
2010,6020,0.008202663,4.231425091,115475,17370,86055,655208,271794
2011,6020,0,0,110838,0,110838,0,0
2011,6020,0.008374996,4.622655298,110838,18976,89660,693485,380195
2012,6020,0,0,107084,0,107084,0,0
2012,6020,0.009021928,5.184896468,107084,21284,92546,707454,471833
2013,6020,0,0,105790,0,105790,0,0
2013,6020,0.007419415,4.366138855,105790,17923,95888,709924,603938
2014,6020,0,0,102102,0,102102,0,0
2014,6020,0.008457417,5.301339829,102102,21762,91066,735934,728111
2015,6020,0,0,100492,0,100492,0,0
2015,6020,0.010393341,5.954202192,100492,24442,89202,822098,573080
2016,6020,0,0,105486,0,105486,0,0
2016,6020,0.009929056,6.025091352,105486,24733,90307,878361,619602
2017,6020,0,0,113254,0,113254,0,0
2017,6020,0.009646748,5.953958587,113254,24441,93689,913742,628543
2018,6020,0,0,131412,0,131412,0,0
2018,6020,0.01238269,7.910840438,131412,32474,104158,959121,600381
2019,6020,0,0,142422,0,142422,0,0
2019,6020,0.013556331,8.874786845,142422,36431,110042,939582,512788
2020,6020,0,0,129503,0,129503,0,0
2020,6020,0.008603186,7.096467722,129503,29131,102063,976652,823893
2010,2911,0.102960995,10.38427948,189607,19024,44543,20759,17070
2011,2911,0.128393023,14.68067686,236286,26895,57171,21793,20071
2012,2911,0.112364904,14.28984716,222580,26179,54878,20997,21913
2013,2911,0.084424618,11.69377729,211664,21423,47770,21622,16516
2014,2911,0.072327517,10.50272926,192308,19241,42998,16736,13215
2015,2911,0.017237686,2.503820961,122566,4587,25329,12860,11332
2016,2911,-0.001910965,-0.27128821,103310,-497,19041,14092,7001
2017,2911,0.036228458,5.019104803,127485,9195,27141,15353,4822
2018,2911,0.058393701,8.091703057,158902,14824,38913,15050,10686
2019,2911,0.012315312,1.596069869,139865,2924,34231,13325,6201
2020,2911,-0.02311606,-3.025655022,94471,-5543,20056,11471,5992
2010,2840,0.091918223,3.697612478,2589.22,270.717,1228.571,231.055,189.202
2011,2840,0.099307159,2.114754098,2749.3,309.6,1291.6,264.6,251.4
2012,2840,0.085356629,2.389344262,2921.9,349.8,1376.4,303.1,343
2013,2840,0.09258868,2.693989071,3194.3,394.4,1526.6,330.2,496.9
2014,2840,0.094469678,2.827185792,3297.6,413.9,1541.7,322.9,423
2015,2840,0.096408184,2.803278689,3394.8,410.4,1610,276.2,330
2016,2840,0.105417882,1.567622951,3493.1,459,1701.2,287,187.8
2017,2840,0.123595132,2.538934426,3776.2,743.4,1852.8,345.9,278.9
2018,2840,0.093686153,1.941939891,4145.9,568.6,1976.4,345.3,316.7
2019,2840,0.092513594,2.103483607,4357.7,615.9,2138.2,356.4,155.7
2020,2840,0.10599501,2.684084699,4895.8,785.9,2380.3,398.8,183.1
2009,7200,0.054315955,1.63276742,3547.339,215.62,1649.876,381.992,566.087
2010,7200,0.05675377,1.824129807,3810.384,246.989,1760.173,462.673,525.326
2011,7200,0.071531777,2.007601767,4102,297.637,1894.439,473.049,339.825
2012,7200,0.072588291,1.69290299,4316.471,315.442,1978.044,505.151,357.953
2013,7200,0.083909474,1.48733878,4551.812,374.442,2105.248,508.427,513.288
2014,7200,0.102712489,1.307883419,4476.886,430.618,2076.419,497.066,433.154
2015,7200,0.168970174,1.692825167,4905.458,693.52,2295.149,564.89,209.762
2016,7200,0.070237288,0.99101157,5323.381,480.708,2574.66,780.328,191.485
2017,7200,0.12109228,1.362384876,6476.632,842.586,3162.399,824.217,138.724
2018,7200,0.11900245,1.053137584,6892.303,884.981,3330.619,917.595,96.645
2019,7200,0.114217749,0.794455191,7085.12,876.037,3448.153,870.369,145.402
2020,7200,0.134878217,0.783838492,7116.34,1110.968,3536.187,923.992,493.64
2010,2842,0.132381998,3.79245283,5534,603,2660,544,87
2011,2842,0.133797742,3.503144654,5231,557,2446,525,259
2012,2842,0.124225029,3.402515723,5468,541,2470,576,267
2013,2842,0.132683832,3.597484277,5623,572,2583,580,312
2014,2842,0.13104744,3.509433962,5591,558,2529,546,338
2015,2842,0.139289145,3.647798742,5655,580,2626,519,382
2016,2842,0.143426295,4.075471698,5761,648,2755,569,401
2017,2842,0.153291056,4.408805031,5973,701,2824,565,420
2018,2842,0.162648221,5.176100629,6124,823,2830,600,131
2019,2842,0.16028147,5.157232704,6214,820,2891,631,111
2020,2842,0.151134718,5.905660377,6721,939,3230,648,871
2021,2842,0.112093464,5.419847328,7341,710,3379,604,319
2010,2086,0.161942376,13.41931818,35119,11809,23987,4430,11337
2011,2086,0.107184835,9.740909091,46565,8572,30243,4920,14035
2012,2086,0.104660338,5.124431818,48017,9019,30860,4759,16551
2013,2086,0.095319527,4.877272727,46854,8584,30341,4873,20268
2014,2086,0.077132891,4.032954545,45998,7098,30013,4466,21675
2015,2086,0.081593465,4.176704545,44294,7351,28721,3941,19900
2016,2086,0.074790879,3.708522727,41863,6527,27134,3856,22201
2017,2086,0.014198598,0.709090909,35410,1248,23375,3667,20675
2018,2086,0.077316862,3.655681818,31856,6434,21152,3396,15964
2019,2086,0.103263449,5.068181818,37266,8920,23993,3971,11175
2020,2086,0.088744043,4.401704545,33014,7747,21103,3144,10914
2010,2844,0.197189402,3.005457026,15564,2203,9558,1610,564
2011,2844,0.191056272,3.316507503,16734,2431,10027,1675,950
2012,2844,0.184560251,3.372442019,17085,2472,10333,1668,1000
2013,2844,0.161501874,1.528649386,17420,2241,10655,1636,1135
2014,2844,0.161973401,1.487039563,17277,2180,10548,1594,1289
2015,2844,0.115738418,0.944065484,16034,1384,9835,1427,1072
2016,2844,0.2013528,1.665075034,15195,2441,9579,1411,1386
2017,2844,0.159671821,1.380627558,15454,2024,9795,1480,1553
2018,2844,0.197352191,1.637107776,15544,2400,9714,1400,736
2019,2844,0.157443129,1.614597544,15693,2367,9793,1440,906
2020,2844,0.16928392,1.838335607,16471,2695,10472,1264,925
2010,6411,0,0,8535,0,8535,0,0
2010,6411,0.024359948,1.829015544,8512,706,1801,2701,1131
2011,6411,0,0,11329,0,11329,0,0
2011,6411,0.033128045,2.53626943,11287,979,2351,3183,1057
2012,6411,0,0,11548,0,11548,0,0
2012,6411,0.032572328,331,11514,993,2393,3101,637
2013,6411,0,0,11879,0,11879,0,0
2013,6411,0.036792172,371,11815,1113,2461.5,2896,1000
2014,6411,0,0,12081,0,12081,0,0
2014,6411,0.046923284,465.6666667,12045,1397,2595,2914,768
2015,6411,0,0,11766,0,11766,0,0
2015,6411,0.0509866,461.6666667,11682,1385,2567,2828,740
2016,6411,0,0,11674,0,11674,0,0
2016,6411,0.052451625,465.3333333,11627,1396,2658,2689,721
2017,6411,0,0,10023,0,10023,0,0
2017,6411,0.046994787,613,9998,1226,2497,2592,1285
2018,6411,0,0,10762,0,10762,0,0
2018,6411,0.04291878,567,10770,1134,2862,2873,828
2019,6411,0,0,11013,0,11013,0,0
2019,6411,0.052099983,766,11013,1532,3184,3200,928
2020,6411,0,0,11103,0,11103,0,0
2020,6411,0.061312823,984.5,11066,1969,3332,3165,1192
2010,4841,0.030666307,113.59375,37937,3635,22767,1855,6065
2011,4841,0.026359477,130,55842,4160,18512,4351,1674
2012,4841,0.037600548,200.0967742,62570,6203,19977,5521,12415
2013,4841,0.042918401,227.2,64657,6816,21508,6376,5291
2014,4841,0.052592272,279.3333333,68775,8380,23160,6321,4512
2015,4841,0.049005247,281.4827586,74510,8163,24856,6896,2401
2016,4841,0.048171745,310.5357143,80403,8695,26478,7955,3398
2017,4841,0.121498377,412.9818182,84526,22714,28062,8546,3447
2018,4841,0.046610035,217.2407407,94507,11731,30199,11104,3954
2019,4841,0.04956836,241.7962963,108942,13057,34258,11292,7251
2020,4841,0.038463645,195.0740741,103564,10534,30826,11466,12046
2010,6020,0,0,2603,0,2603,0,0
2010,6020,0.005161459,0.271835132,2642,277,1955,39335,2083
2011,6020,0,0,2561,0,2561,0,0
2011,6020,0.006441778,0.344434706,2601,393,2292,41953,3556
2012,6020,0,0,2643,0,2643,0,0
2012,6020,0.007971358,0.456617003,2681,521,2467,45428,4534
2013,6020,0,0,2574,0,2574,0,0
2013,6020,0.008294111,0.474145486,2610,541,2452,44872,6451
2014,6020,0,0,2578,0,2578,0,0
2014,6020,0.008570603,0.519719544,2618,593,2496,47999,6071
2015,6020,0,0,2794,0,2794,0,0
2015,6020,0.007248494,0.456617003,2834,521,2592,48450,6147
2016,6020,0,0,2918,0,2918,0,0
2016,6020,0.006536216,0.418054338,2960,477,2600,48358,7218
2017,6020,0,0,3244,0,3244,0,0
2017,6020,0.01038188,0.651183173,3289,743,3094,48461,5845
2018,6020,0,0,3548,0,3548,0,0
2018,6020,0.017439069,1.082383874,3595,1235,3329,49492,4561
2019,6020,0,0,3773,0,3773,0,0
2019,6020,0.016321081,1.049956179,3817,1198,3275,49732,5818
2020,6020,0,0,3054,0,3054,0,0
2020,6020,0.005378479,0.415425066,3094,474,2375,51343,15767
2010,6199,0,0,111465,0,111465,0,0
2010,6199,0.005539469,36.30821918,111465,10602,32341,755924,400941
2011,6199,0,0,102587,0,102587,0,0
2011,6199,0.005905934,381.6206897,102587,11067,33877,767224,391754
2012,6199,0,0,96997,0,96997,0,0
2012,6199,0.004044169,251.3666667,96997,7541,30682,775164,322843
2013,6199,0,0,92543,0,92543,0,0
2013,6199,0.007271395,441.0645161,92543,13673,33691,791866,391781
2014,6199,0,0,90572,0,90572,0,0
2014,6199,0.003968999,235.9032258,90572,7313,31400,775651,330565
2015,6199,0,0,88275,0,88275,0,0
2015,6199,0.009959508,556.1935484,88275,17242,35673,732547,287883
2016,6199,0,0,82566,0,82566,0,0
2016,6199,0.008321071,481.0322581,82566,14912,33093,746536,335541
2017,6199,0,0,87367,0,87367,0,0
2017,6199,-0.003689622,-219.2903226,87367,-6798,36092,794557,355123
2018,6199,0,0,96720,0,96720,0,0
2018,6199,0.009411265,582.0967742,96720,18045,41449,818651,437230
2019,6199,0,0,103449,0,103449,0,0
2019,6199,0.009943326,625.8387097,103449,19401,44336,808005,456079
2020,6199,0,0,88842,0,88842,0,0
2020,6199,0.004887858,356.3548387,88842,11047,25573,785790,605047
2009,7370,0.049650562,5.043209877,16063,817,3266,3849,2784
2010,7370,0.045905707,4.539877301,16042,740,3117,3719,1837
2011,7370,-0.379122352,-25.86585366,16123,-4242,2873,3257,1093
2012,7370,0.08541463,6.044025157,14993,961,3155,3199,2054
2013,7370,0.083150408,6.109677419,12998,947,3726,2759,2443
2014,7370,-0.000784237,-0.054054054,12173,-8,2639,2369,2098
2015,7370,0.032445708,1.684563758,7106,251,1921,1831,1178
2016,7370,-0.014198315,-0.809210526,7607,-123,2062,1643,1263
2017,7370,0.05161994,583.6666667,24556,1751,6612,5913,2648
2018,7370,0.04250355,419,20753,1257,5807,5181,2899
2019,7370,-0.206452357,-1789.666667,19577,-5369,4676,4392,3679
2020,7370,-0.006761049,-49.66666667,17729,-149,3833,4156,2968
2009,2000,0.061833362,0.255590379,12079.4,725.8,3407.4,849.6,953.2
2010,2000,0.071612015,0.287706448,12303.1,817,3297.1,849.4,972.4
2011,2000,0.040893558,0.164770927,13262.6,467.9,3218.7,924.8,103
2012,2000,0.037926421,0.272528788,15491.4,773.9,4041.5,1286.2,183.9
2013,2000,0.015650818,0.106736627,17702.6,303.1,4326.8,1393.2,183.1
2014,2000,-0.014399562,-0.088953058,15832.4,-252.6,3933,972.9,183.1
2015,2000,-0.050557854,-0.238405465,11642.9,-677,3514.1,836.6,834.5
2016,2000,0.063320226,0.225129415,7826.9,639.3,2627.8,563.4,251.4
2017,2000,0.077809327,0.284677959,7938.3,808.4,2614.9,582.6,128
2018,2000,0.030535073,0.232199096,9538.4,678.3,3048.7,831.7,236.6
2019,2000,0.03766589,0.287587293,11054.4,840.1,3491.7,860.8,553.3
2020,2000,0.058516102,0.444611803,11184.7,1298.8,3604,793.9,79.2
2010,4931,0.027748575,32.35483871,13325,1003,2960,2111,338
2011,4931,0.027082165,33.1875,12938,1062,3123,1900,648
2012,4931,0.027688126,35.65625,12188,1141,3294,1966,394
2013,4931,0.026127389,33.1875,12354,1062,3268,2005,674
2014,4931,0.024645662,34.125,12919,1092,3235,2058,699
2015,4931,0.026138206,37.28125,12554,1193,3562,1882,944
2016,4931,0.025800435,37.72727273,12075,1245,3687,1827,776
2017,4931,0.031697533,44.85294118,12033,1525,3950,1925,844
2018,4931,0.025630564,40.64705882,12337,1382,3971,2115,1006
2019,4931,0.023123676,38.37142857,12574,1343,4360,2115,1217
2020,4931,0.017505366,30.58333333,12246,1101,4574,2741,1436
2010,4931,0.021772541,170,6432,340,1504,1076,270
2011,4931,0.025224897,138.3333333,6503,415,1549,928,188
2012,4931,0.022298757,127.3333333,6312,382,1667,938,122
2013,4931,0.025953147,150.6666667,6566,452,1770,987,204
2014,4931,0.024863174,159,7179,477,1846,1031,244
2015,4931,0.025712881,174.3333333,6456,523,1913,929,285
2016,4931,0.025483304,183.6666667,6399,551,2108,1052,254
2017,4931,0.019956616,153.3333333,6583,460,2219,1244,199
2018,4931,0.026784622,219,6873,657,2095,1227,174
2019,4931,0.025338153,226.6666667,6845,680,2231,1145,157
2020,4931,0.02545001,251.6666667,6680,755,2421,1157,185
2010,3851,0.044674137,24.4479844,1158.517,112.803,767.168,197.49,3.573
2011,3851,0.06684275,36.53269471,1330.835,175.43,898.524,214.779,5.175
2012,3851,0.084429303,50.22022245,1445.136,248.339,1011.245,234.297,12.84
2013,3851,0.094397948,58.83015495,1587.725,296.151,1119.518,229.537,77.393
2014,3851,0.060528358,52.9233183,1717.776,269.856,1207.685,276.28,25.222
2015,3851,0.045626719,39.47304112,1797.06,203.523,1280.536,282.918,16.426
2016,3851,0.061197949,52.59543011,1966.814,273.917,1380.125,291.37,100.817
2017,3851,0.076748925,71.71153846,2139,372.9,1503.1,316.6,88.8
2018,3851,0.022886402,26.39622642,2532.8,139.9,1826.2,374.7,80.2
2019,3851,0.074380429,88.05660377,2653.4,466.7,1920,435.3,89.5
2020,3851,0.035384045,44.98113208,2430.9,238.4,1774.8,435.4,116.8
2021,3851,0.306541609,545.3148148,2922.5,2944.7,2148.4,515.3,96.3
2010,2082,0.055734942,0.844712342,3254.4,707.7,1644.5,729.5,1217.6
2011,2082,0.054435841,0.808101326,3515.7,676.3,1644.7,726,1078.9
2012,2082,0.027325101,0.529777565,3916.5,443,1802.6,753.4,624
2013,2082,0.036411833,0.688220308,4206.1,567.3,1933,728,442.3
2014,2082,0.036723991,0.666061941,4146.3,514,1918.7,621.7,624.6
2015,2082,0.029284068,0.5042783,3567.5,359.5,1599.6,525.9,430.9
2016,2082,0.067341479,2.900190812,4885,1975.9,2257.8,805.3,560.9
2017,2082,0.046755205,2.133353447,11002.8,1414.2,5366.5,902,418.6
2018,2082,0.03708095,1.684520217,10769.6,1116.5,4792.4,871,1057.9
2019,2082,0.008374971,0.364885266,10579.4,241.7,4810,820.3,523.4
2020,2082,-0.034722349,-1.817311375,9684.3,-949,4415.9,687.1,770.1
2010,3679,0.137730809,4.376383764,6632,3558,3895,973,6350
2011,3679,0.100725366,3.429095355,7890,2805,4508,1082,5825
2012,3679,0.058825532,2.094545455,8012,1728,4375,1302,6144
2013,3679,0.068860173,2.359807461,7819,1961,4295,1253,5235
2014,3679,0.082227323,2.956937799,9715,2472,5219,1501,6068
2015,3679,0.046905104,1.594047619,9111,1339,4829,1372,4600
2016,3679,0.132442023,4.367612293,9390,3695,4994,1481,5291
2017,3679,-0.018076671,-0.581967213,10116,-497,5147,1807,4317
2018,3679,0.03875659,1.243873979,11290,1066,5757,1940,2355
2019,3679,0.033220292,1.11757858,11503,960,5813,1869,2434
2020,3679,0.016636881,0.593279258,11408,512,5478,2133,2672
2010,3510,0.099980773,1.877256318,13236,1040,3445,2243,1362
2011,3510,0.158381899,3.323741007,18060,1848,4914,2526,1761
2012,3510,0.131096589,2.958633094,17352,1645,4895,2715,1616
2013,3510,0.100692558,2.667266187,17321,1483,4792,2801,2849
2014,3510,0.104652637,2.96942446,19255,1651,5344,3116,2394
2015,3510,0.092440862,2.51618705,19110,1399,5438,2996,1811
2016,3510,0.092865232,2.507194245,17509,1394,4969,3217,1380
2017,3510,0.05526971,1.79676259,20428,999,5657,3770,1567
2018,3510,0.1123177,3.850719424,23771,2141,6325,3983,1525
2019,3510,0.114505751,4.064748201,23571,2260,6629,3861,1470
2020,3510,0.079075318,3.217625899,19811,1789,5541,3992,3862
2010,3826,0.080703493,245.7847841,13202.602,1793,7085.872,2218.975,1632.98
2011,3826,0.072531022,285.4111155,16090.54,2172.264,8879.498,3049.895,537.001
2012,3826,0.072620746,310.6753247,18260.4,2392.2,10288.2,3267.3,1678.7
2013,3826,0.077727978,341.1392405,19118,2695,10879.1,3451.6,3115.2
2014,3826,0.070242784,328.9113924,19913.8,2598.4,11426.9,3633.8,3005.6
2015,3826,0.069623534,419.675,20563.1,3357.4,11999.6,3964.1,790.8
2016,3826,0.056378918,315.2716049,16882.4,2553.7,10523.1,3186.1,963.7
2017,3826,0.053422825,307.6666667,18329.7,2492.1,11468.8,3521.8,630.3
2018,3826,0.055420478,323.2804878,19893,2650.9,12431.6,3571.6,787.8
2019,3826,0.048455581,358.1190476,17911.1,3008.2,11173.2,3464.4,19912.3
2020,3826,0.047872271,405.1111111,22284,3646,14707,4810,6035
2009,5331,0.055868682,40.12903226,65357,2488,21295,7882,2200
2010,5331,0.066811578,49.49152542,67390,2920,20805,7075,1712
2011,5331,0.062813639,52.30357143,69865,2929,21559,6927,794
2012,5331,0.062267716,55.53703704,73301,2999,22266,6857,784
2013,5331,0.044239445,37.18867925,72596,1971,21436,1347,695
2014,5331,-0.039513091,-30.86792453,72618,-1636,21340,1122,2210
2015,5331,0.083527892,67.26,73785,3363,21788,779,4046
2016,5331,0.07312121,59.5,69495,2737,20623,749,2512
2017,5331,0.075232698,65.2,71879,2934,21005,929,2643
2018,5331,0.071131024,68.30232558,75356,2937,22307,1100,1556
2019,5331,0.07669651,78.11904762,78112,3281,23495,962,2577
2020,5331,0.085232594,104,93561,4368,27865,1135,8511
2010,3523,0.043104644,3.476882923,25549.6,1865,8359.7,24310.3,3799.6
2011,3523,0.058080295,5.219497009,31628.5,2799.9,9908,27453.6,3856.2
2012,3523,0.054468256,5.713460104,35736.1,3064.7,10984,31366.7,5465.2
2013,3523,0.059429146,6.594519016,37347.4,3537.3,12094.8,35008,4520
2014,3523,0.051546879,5.894295302,35537.9,3161.7,11081.3,36802.4,4510
2015,3523,0.033478522,3.616703952,28323.8,1940,8601.9,33685.9,4212.2
2016,3523,0.026282566,2.840976883,26006,1523.9,8117.3,32858.6,4370.8
2017,3523,0.032819903,4.025167785,28444.7,2159.1,8940.1,34387.8,9359.9
2018,3523,0.033782165,4.41536167,36577.7,2368.4,11575.5,37815.3,3927
2019,3523,0.04455493,6.064504101,39258,3253,12845,40295,3982
2020,3523,0.036635549,5.128635347,35540,2751,12628,39844,7190
2021,3523,0.070891885,11.11670395,43959,5963,15359,44404,8153
2010,4931,0.02530527,0.183139535,8557,630,2491,1795,185
2011,4931,0.027336691,0.208077261,8897,711,2418,1407,215
2012,4931,0.023159573,0.170058545,8791,610,2291,1462,187
2013,4931,0.025486794,0.169183517,9661,661,2297,1669,175
2014,4931,0.032351469,0.231813525,12301,905,2735,1598,168
2015,4931,0.025298396,0.176327917,10337,727,2202,1348,60
2016,4931,0.027090291,0.215384615,10630,868,2436,1593,113
2017,4931,0.033583084,0.284281775,12607,1134,2676,1856,89
2018,4931,0.030864198,0.263839812,14212,1120,2710,1897,76
2019,4931,0.027911752,0.223390025,12669,1169,2988,1887,93
2020,4931,0.030068577,0.253052164,12177,1368,3487,1792,516
2010,4888,0.057263821,146.7777778,38063,3963,8439,5784,2722
2011,4888,0.066649104,178.037037,40893,4807,9622,6182,3185
2012,4888,0.075863174,202.9285714,42278,5682,10850,6540,3387
2013,4888,0.075528366,219.1428571,45041,6136,11642,6967,3931
2014,4888,0.089100325,267.8928571,48813,7501,22393,7822,3421
2015,4888,0.095053412,289.0344828,52465,8382,24101,8019,4269
2016,4888,0.102039486,323.8275862,55632,9391,25768,9065,4610
2017,4888,0.093747716,309.6551724,55137,8980,24831,8633,4043
2018,4888,0.127771354,434.4137931,59434,12598,26708,9334,4151
2019,4888,0.056984081,614.1111111,69570,11054,27552,15481,5444
2020,4888,-0.014209944,-159.1111111,65388,-2864,21508,12708,17917
2021,4888,0.009798192,110.8333333,67418,1995,22287,13367,15962
2009,5331,0.038296528,1.139017425,11796.38,339.442,3932.271,7.543,223.676
2010,5331,0.065770207,2.101128108,13035,627.857,4419.656,0,499.646
2011,5331,0.079133345,2.59165799,14807.188,766.685,4962.61,15.9,127.503
2012,5331,0.091887656,3.328832748,16022.128,952.662,5379.501,0,145.094
2013,5331,0.094328386,3.69512371,17504.167,1025.116,5762.942,0,506.187
2014,5331,0.094915817,4.012387294,18909.588,1065.345,6144.207,0,579.823
2015,5331,0.103490132,4.644436029,20368.562,1165.08,6657.591,0,157.947
2016,5331,0.107188233,5.195497714,21986.598,1251.133,7161.238,0,187.915
2017,5331,0.122950463,6.544839054,23470.967,1538.96,7625.59,0,267.441
2018,5331,0.120377721,6.999859076,25625.043,1589.472,8258.004,57.804,235.487
2019,5331,0.075029516,7.768662336,27753.973,1712.555,8993.865,76.537,240.32
2020,5331,0.10265973,12.60186912,33746.839,2655.05,11460.099,90.76,1376.577
2010,4911,0.065581428,0.491338583,15197,2808,4820,2246,62
2011,4911,0.030867716,0.271814672,14379,1408,4330,2035,102
2012,4911,0.006447756,0.054979064,13093,302,4377,1717,248
2013,4911,0.03387496,0.293446308,13120,1697,4526,1836,316
2014,4911,0.02411324,0.222940776,12436,1310,4539,1633,318
2015,4911,0.032297566,0.284281437,11683,1899,5115,1369,607
2016,4911,0.029646697,0.248304094,11737,2123,5267,1706,261
2017,4911,0.039159104,0.304004055,12586,2999,6029,1786,120
2018,4911,0.031406422,0.194391484,13581,2447,6227,2080,391
2019,4911,0.013079953,0.057001343,16572,1358,8248,2645,269
2020,4911,-0.004181221,-0.018863487,14172,-401,6359,2507,237
2010,3585,0.081760209,2.807592206,7132.648,700.104,3002.612,1087.704,1309.095
2011,3585,0.094221724,3.572512291,7950.14,895.243,3357.273,1190.265,1206.755
2012,3585,0.077659367,3.191693655,8104.339,811.07,3468.586,1225.898,800.076
2013,3585,0.092555184,3.92890882,8729.813,1003.129,3773.495,1359.101,803.882
2014,3585,0.085280766,3.029527967,7752.728,775.235,3301.127,1186.746,681.581
2015,3585,0.100911011,3.396270396,6956.311,869.829,2916.427,1120.49,362.185
2016,3585,0.050305699,1.983690525,6794.342,508.892,2870.602,1265.201,349.146
2017,3585,0.07615795,3.158327886,7830.436,811.665,3300.407,1385.567,753.964
2018,3585,0.0681667,2.211863223,6992.118,570.267,2859.057,1241.189,396.221
2019,3585,0.078195951,2.621979331,7136.397,677.918,2902.135,1232.084,397.253
2020,3585,0.074677172,2.638990355,6683.76,683.451,2771.965,1152.243,513.075
2010,2860,0.033195379,0.788126919,53674,2310,10411,9044,7039
2011,2860,0.03961054,0.926038501,59985,2742,11359,9626,5446
2012,2860,0.016981539,0.392952128,56786,1182,11116,9679,4318
2013,2860,0.068876707,1.567452521,57080,4787,11792,9647,5940
2014,2860,0.054828769,1.214032829,58167,3772,13033,9372,5654
2015,2860,0.112971511,2.473447055,48778,7685,13050,7846,8577
2016,2860,0.054306951,1.389765047,48158,4318,13280,9024,6607
2017,2860,0.007597677,63.47826087,62484,1460,17325,16893,14394
2018,2860,0.020443546,160.1666667,85977,3844,26112,17424,14156
2019,2860,0.007176206,71.14285714,21512,498,8472,3837,1577
2020,2860,-0.041619655,-421.5714286,20397,-2951,7850,3551,2569
2010,7311,0.042302758,13.88758389,12542.5,827.7,1700.2,5977.2,2300
2011,7311,0.046456055,15.98322148,13872.5,952.6,1952.7,6632,1805
2012,7311,0.045066112,16.75,14219.4,998.3,2086.9,6958.2,2698.9
2013,7311,0.044848792,16.62919463,14584.5,991.1,2151.5,6632.6,2728.7
2014,7311,0.051206649,18.52348993,15317.8,1104,2247.3,6524.7,2390.3
2015,7311,0.049473784,18.35402685,15134.4,1093.9,2211.2,7220.9,2619.7
2016,7311,0.049582567,25.75336323,15416.9,1148.6,2745.7,7510.8,3022.8
2017,7311,0.043656142,24.40358744,15273.6,1088.4,2791.8,8083.8,3796.4
2018,7311,0.053881464,29.73991031,15290.2,1326.4,2821.7,7666.1,3657.9
2019,7311,0.049997386,30.02466368,14953.7,1339.1,2759.7,7829,4309.3
2020,7311,0.034195145,21.19730942,13171.1,945.4,2353,7813.4,5600.5
2010,4931,0.022338805,1320,14272,1320,5109,2157,1670
2011,4931,0.02728465,1706,14529,1706,4952,1941,2300
2012,4931,0.015528387,1768,19624,1768,6626,2717,1757
2013,4931,0.023218533,2665,24549,2665,8945,3005,1545
2014,4931,0.0155995,1883,23930,1883,8723,2764,2036
2015,4931,0.023242761,2816,23459,2816,8890,2451,857
2016,4931,0.01620958,2152,22754,2152,9016,2644,392
2017,4931,0.022180489,3059,23565,3059,9656,2774,358
2018,4931,0.018336635,2666,24521,2666,9195,3134,442
2019,4931,0.023596369,3748,25079,3748,10293,3060,311
2020,4931,0.008479691,1377,24020,1377,10419,3153,259
2010,3826,0.1196243,3.317798038,1704.346,383.919,847.794,356.763,420.086
2011,3826,0.001996506,0.067649372,1921.287,7.655,996.4,409.888,142.342
2012,3826,0.017925235,0.607983588,2115.205,69.94,1095.371,457.011,171.444
2013,3826,0.042367419,1.484666063,2166.232,167.212,1105.931,470.028,173.242
2014,3826,0.038165249,1.402708013,2237.219,157.778,1123.844,470.563,174.821
2015,3826,0.050986548,1.896076191,2262.359,212.425,1143.874,439.015,237.932
2016,3826,0.054785216,2.137433062,2115.517,234.299,1072.625,425.588,359.265
2017,3826,0.048039855,2.651597938,2256.982,292.633,1139.903,552.304,202.134
2018,3826,0.03981694,2.151297051,2777.996,237.927,1451.161,632.669,166.315
2019,3826,0.034802443,2.047489653,2883.673,227.558,1528.679,725.184,191.894
2020,3826,0.091439472,6.493772861,3782.745,727.887,2231.8,1155.109,402.614
2010,3620,0.053848829,10.92941176,13715,929,4633,2239,1171
2011,3620,0.075532927,8.083832335,16049,1350,5344,2444,1084
2012,3620,0.033948895,243.4,16311,1217,5461,3510,1104
2013,3620,0.052435829,372.2,22046,1861,7630,3648,1709
2014,3620,0.053476095,358.6,22552,1793,7851,3667,1026
2015,3620,0.063774935,395.8,20855,1979,7448,3479,445
2016,3620,0.063184194,384.4,19747,1922,7226,3560,746
2017,3620,0.091499862,746.25,20404,2985,7507,3943,1095
2018,3620,0.068988807,536.25,21609,2145,7939,3952,440
2019,3620,0.067398262,552.75,21390,2211,7871,3538,591
2020,3620,0.044306184,352.5,17858,1410,6200,2994,1102
2010,2842,0.108842002,1.59201441,6089.7,530.3,3422.9,999.6,242.3
2011,2842,0.025355248,1.376078548,6828.1,462.5,3754.4,2095.3,1843.6
2012,2842,0.040040291,2.056708565,11838.7,703.6,6154.1,2225.1,1157.8
2013,2842,0.049285769,2.80440452,13253.4,967.8,6863.5,2568,339.2
2014,2842,0.061787565,3.459303998,14280.5,1202.8,7478.7,2626.7,209.6
2015,2842,0.053755827,2.860690836,13545.1,1002.1,7253.7,2527.8,92.8
2016,2842,0.067080556,3.487237663,13152.8,1229.6,7170.9,2446.2,327.4
2017,2842,0.075562057,4.252607838,13838.3,1508.4,7370.5,2703.3,211.4
2018,2842,0.071189818,4.003081232,14668.2,1429.1,6989.9,2806.7,114.7
2019,2842,0.074698957,4.335094549,14906.3,1558.9,7194.7,2930.2,186.4
2020,2842,-0.066484608,-3.323496966,11790.2,-1205.1,5745.3,2442.4,1260.2
2010,3823,0.094733616,4.536687631,21039,2164,8966,3989,1592
2011,3823,0.103935292,5.199161426,24222,2480,10163,4502,2052
2012,3823,0.082626585,4.125786164,24412,1968,10350,4983,2367
2013,3823,0.081097487,4.201257862,24669,2004,10551,4808,3275
2014,3823,0.088803408,4.501048218,24537,2147,10786,5019,3149
2015,3823,0.122691054,5.681341719,22304,2710,9659,4413,3153
2016,3823,0.075196615,3.427672956,14522,1635,6746,2701,3182
2017,3823,0.07749247,3.182389937,15264,1518,6978,3072,3062
2018,3823,0.108043158,4.618448637,17408,2203,8046,3344,1093
2019,3823,0.112504269,4.834381551,18372,2306,8399,3441,1494
2020,3823,0.085875361,4.119496855,16785,1965,7644,3260,3315
2021,3823,0.093182278,4.828092243,18236,2303,8232,3499,2354
2010,4924,0.03043249,456.405765,4789.69,205.839,698.996,276.18,131.952
2011,4924,0.028505379,460.3126386,4347.634,207.601,699.268,275.316,131.419
2012,4924,0.028912273,480.5254989,3438.483,216.717,689.053,234.694,64.239
2013,4924,0.03062742,536.8520971,3886.257,243.194,736.958,301.992,66.199
2014,4924,0.033720417,577.3247012,4940.916,289.817,865.336,343.4,42.258
2015,4924,0.03465049,621.4497041,4142.136,315.075,906.191,295.16,28.653
2016,4924,0.034972319,673.2769231,3349.949,350.104,961.114,300.007,47.534
2017,4924,0.036877758,746.5555556,2759.735,396.421,1046.994,222.263,26.409
2018,4924,0.050786745,1084.647482,3115.546,603.064,1084.217,253.295,13.771
2019,4924,0.038257075,856.6264657,2901.848,511.406,1137.514,230.571,24.55
2020,4924,0.039158913,956.1891892,2821.137,601.443,1253.927,230.595,20.808
2021,4924,0.033942296,1005.382175,3407.49,665.563,1382.975,342.967,116.723
2010,7323,0.077673579,1.127218935,1859.5,266.7,1099.6,262.6,119.4
2011,7323,0.066379753,0.984361792,1959.8,232.9,1191.3,284.4,127.7
2012,7323,0.060317883,1.150042265,2160.5,272.1,1331.4,317,146.8
2013,7323,0.077490694,1.486897718,2303.9,351.8,1516.6,309.7,235.9
2014,7323,0.078601686,1.552831784,2436.4,367.4,1591.7,337.2,179.1
2015,7323,0.095165225,1.813609467,2663.6,429.1,1776.2,349.8,123.5
2016,7323,0.07334934,2.065934066,3144.9,488.8,2031.5,444.2,157.3
